{"cameraMode":{"drawMode":0,"name":"Shaded","section":"Shading Mode"},"sceneLighting":false,"audioPlay":false,"sceneViewState":{"showFog":true,"showMaterialUpdate":true,"showSkybox":true,"showFlares":true,"showImageEffects":true,"showParticleSystems":true},"in2DMode":false,"pivot":{"x":-208.9198455810547,"y":-244.24871826171876,"z":128.27085876464845},"rotation":{"x":-0.3319469392299652,"y":0.4519454836845398,"z":-0.18593840301036836,"w":-0.8068399429321289},"size":1321.2581787109375,"orthographic":false}